corridor_id,tile_id,structural_zone,centroid_row,centroid_col,utm_x_m,utm_y_m,ridge_pixels,approx_length_m,dist_nearest_known_fault_m,score_L1_pop_tip_relay,score_L2_thermal_geochem,score_L3_openness_lrm_scarp,score_L4_geopotential_worm,corroborated_prob_max,lines_satisfied_count,lines_satisfied,lines_not_satisfied,disposition
CAND-20-01,USGS_1M_11_x34y441_NV_WestCentral_EarthMRI_2020_D20,Desert Queen / Hot Springs Mountains step-over & fault tips,1057,1027,346100.0,4402800.0,57,6156,2470,0.7586,0.7935,0.9333,0.9256,0.9152,4,L1_PopScaling_TipRelay|L2_Backward_ThermalGeochem|L3_Openness_LRM_Scarp|L4_Geopotential_Basement,,Model-generated corridor candidate; not an observed/verified fault; no submission recommendation.
CAND-20-02,USGS_1M_11_x34y441_NV_WestCentral_EarthMRI_2020_D20,Desert Queen / Hot Springs Mountains step-over & fault tips,1035,1016,345000.0,4405000.0,46,4968,1345,0.7204,0.759,0.8886,0.8973,0.8714,4,L1_PopScaling_TipRelay|L2_Backward_ThermalGeochem|L3_Openness_LRM_Scarp|L4_Geopotential_Basement,,Model-generated corridor candidate; not an observed/verified fault; no submission recommendation.
CAND-20-03,USGS_1M_11_x36y436_NV_WestCentral_EarthMRI_2020_D20,Stillwater / Salt Wells / Carson Sink accommodation & step-over zone,1554,1195,362900.0,4353100.0,34,3672,1300,0.6959,0.749,0.9001,0.8558,0.8526,4,L1_PopScaling_TipRelay|L2_Backward_ThermalGeochem|L3_Openness_LRM_Scarp|L4_Geopotential_Basement,,Model-generated corridor candidate; not an observed/verified fault; no submission recommendation.
CAND-20-04,USGS_1M_11_x36y436_NV_WestCentral_EarthMRI_2020_D20,Stillwater / Salt Wells / Carson Sink accommodation & step-over zone,1486,1222,365600.0,4359900.0,19,2052,922,0.82,0.8497,0.8616,0.8853,0.8494,4,L1_PopScaling_TipRelay|L2_Backward_ThermalGeochem|L3_Openness_LRM_Scarp|L4_Geopotential_Basement,,Model-generated corridor candidate; not an observed/verified fault; no submission recommendation.
CAND-20-05,USGS_1M_11_x32y441_NV_WestCentral_EarthMRI_2020_D20,Bradys / Patua / Hazen displacement transfer & relay ramp,1021,860,329400.0,4406400.0,48,5184,316,0.743,0.8372,0.8773,0.8727,0.8531,4,L1_PopScaling_TipRelay|L2_Backward_ThermalGeochem|L3_Openness_LRM_Scarp|L4_Geopotential_Basement,,Model-generated corridor candidate; not an observed/verified fault; no submission recommendation.
CAND-20-06,USGS_1M_11_x32y441_NV_WestCentral_EarthMRI_2020_D20,Bradys / Patua / Hazen displacement transfer & relay ramp,1016,794,322800.0,4406900.0,26,2808,0,0.6509,0.7442,0.8799,0.8612,0.8356,4,L1_PopScaling_TipRelay|L2_Backward_ThermalGeochem|L3_Openness_LRM_Scarp|L4_Geopotential_Basement,,Model-generated corridor candidate; not an observed/verified fault; no submission recommendation.
CAND-20-07,USGS_1M_11_x26y446_NV_WestCentral_EarthMRI_2020_D20,Astor Pass / Pyramid Lake tufa & fault termination corridor,562,203,263700.0,4452300.0,7,756,6325,0.5888,0.5003,0.8727,0.8151,0.8709,4,L1_PopScaling_TipRelay|L2_Backward_ThermalGeochem|L3_Openness_LRM_Scarp|L4_Geopotential_Basement,,Model-generated corridor candidate; not an observed/verified fault; no submission recommendation.
CAND-20-08,USGS_1M_11_x33y441_NV_WestCentral_EarthMRI_2020_D20,Bradys / Desert Peak step-over & blind geothermal corridor,1077,924,335800.0,4400800.0,36,3888,922,0.7216,0.7911,0.8996,0.9153,0.8873,4,L1_PopScaling_TipRelay|L2_Backward_ThermalGeochem|L3_Openness_LRM_Scarp|L4_Geopotential_Basement,,Model-generated corridor candidate; not an observed/verified fault; no submission recommendation.
CAND-20-09,USGS_1M_11_x33y441_NV_WestCentral_EarthMRI_2020_D20,Bradys / Desert Peak step-over & blind geothermal corridor,1002,957,339100.0,4408300.0,28,3024,2508,0.7705,0.8641,0.8737,0.9103,0.8799,4,L1_PopScaling_TipRelay|L2_Backward_ThermalGeochem|L3_Openness_LRM_Scarp|L4_Geopotential_Basement,,Model-generated corridor candidate; not an observed/verified fault; no submission recommendation.
CAND-20-10,USGS_1M_11_x38y430_NV_WestCentral_EarthMRI_2020_D20,Southern Dixie Valley / Pirouette Mountain piedmont step-over,2165,1386,382000.0,4292000.0,98,10584,3053,0.8119,0.7593,0.9004,0.9125,0.8868,4,L1_PopScaling_TipRelay|L2_Backward_ThermalGeochem|L3_Openness_LRM_Scarp|L4_Geopotential_Basement,,Model-generated corridor candidate; not an observed/verified fault; no submission recommendation.
CAND-20-11,USGS_1M_11_x38y430_NV_WestCentral_EarthMRI_2020_D20,Southern Dixie Valley / Pirouette Mountain piedmont step-over,2127,1372,380600.0,4295800.0,38,4104,1526,0.7772,0.7458,0.8801,0.9133,0.8751,4,L1_PopScaling_TipRelay|L2_Backward_ThermalGeochem|L3_Openness_LRM_Scarp|L4_Geopotential_Basement,,Model-generated corridor candidate; not an observed/verified fault; no submission recommendation.
CAND-20-12,USGS_1M_11_x39y430_NV_WestCentral_EarthMRI_2020_D20,Dixie Valley / Clan Alpine range-front step-over,2134,1508,394200.0,4295100.0,79,8532,539,0.8849,0.8953,0.943,0.9584,0.942,4,L1_PopScaling_TipRelay|L2_Backward_ThermalGeochem|L3_Openness_LRM_Scarp|L4_Geopotential_Basement,,Model-generated corridor candidate; not an observed/verified fault; no submission recommendation.
CAND-20-13,USGS_1M_11_x39y430_NV_WestCentral_EarthMRI_2020_D20,Dixie Valley / Clan Alpine range-front step-over,2125,1471,390500.0,4296000.0,27,2916,447,0.7559,0.7425,0.8551,0.8796,0.8378,4,L1_PopScaling_TipRelay|L2_Backward_ThermalGeochem|L3_Openness_LRM_Scarp|L4_Geopotential_Basement,,Model-generated corridor candidate; not an observed/verified fault; no submission recommendation.
CAND-20-14,USGS_1M_11_x32y439_NV_WestCentral_EarthMRI_2020_D20,Soda Lake / Upsal Hogback blind quaternary basin-floor fault zone,1206,848,328200.0,4387900.0,63,6804,2435,0.7896,0.7868,0.9081,0.9018,0.8781,4,L1_PopScaling_TipRelay|L2_Backward_ThermalGeochem|L3_Openness_LRM_Scarp|L4_Geopotential_Basement,,Model-generated corridor candidate; not an observed/verified fault; no submission recommendation.
CAND-20-15,USGS_1M_11_x32y439_NV_WestCentral_EarthMRI_2020_D20,Soda Lake / Upsal Hogback blind quaternary basin-floor fault zone,1253,797,323100.0,4383200.0,38,4104,224,0.7307,0.6326,0.9151,0.8979,0.8898,4,L1_PopScaling_TipRelay|L2_Backward_ThermalGeochem|L3_Openness_LRM_Scarp|L4_Geopotential_Basement,,Model-generated corridor candidate; not an observed/verified fault; no submission recommendation.
DISC-20-16,Full_Footprint_SingleLayer_Gate,Isolated single-layer pattern match (L3_Openness_LRM_Scarp only),1024,1217,365100.0,4406100.0,960,103680,3053,0.1777,0.1739,0.6297,0.1778,0.4116,1,L3_Openness_LRM_Scarp,L1_PopScaling_TipRelay|L2_Backward_ThermalGeochem|L4_Geopotential_Basement,Model-generated corridor candidate; not an observed/verified fault; no submission recommendation.
DISC-20-17,Full_Footprint_SingleLayer_Gate,Isolated single-layer pattern match (L3_Openness_LRM_Scarp only),1127,1511,394500.0,4395800.0,815,88020,2729,0.2194,0.1752,0.8232,0.1782,0.4684,1,L3_Openness_LRM_Scarp,L1_PopScaling_TipRelay|L2_Backward_ThermalGeochem|L4_Geopotential_Basement,Model-generated corridor candidate; not an observed/verified fault; no submission recommendation.
DISC-20-18,Full_Footprint_SingleLayer_Gate,Isolated single-layer pattern match (L3_Openness_LRM_Scarp only),604,461,289500.0,4448100.0,728,78624,2766,0.1925,0.174,0.714,0.2547,0.4687,1,L3_Openness_LRM_Scarp,L1_PopScaling_TipRelay|L2_Backward_ThermalGeochem|L4_Geopotential_Basement,Model-generated corridor candidate; not an observed/verified fault; no submission recommendation.
DISC-20-19,Full_Footprint_SingleLayer_Gate,Isolated single-layer pattern match (L3_Openness_LRM_Scarp only),734,638,307200.0,4435100.0,628,67824,3105,0.2245,0.1794,0.774,0.2218,0.4016,1,L3_Openness_LRM_Scarp,L1_PopScaling_TipRelay|L2_Backward_ThermalGeochem|L4_Geopotential_Basement,Model-generated corridor candidate; not an observed/verified fault; no submission recommendation.
